{
  "accuracy": 0.847958572183118,
  "recall": 0.8932078917109302,
  "precision": 0.9362909162985615,
  "false_positive_rate": 0.5950910509541505,
  "true_positives": 1983963,
  "true_negatives": 91854,
  "false_positives": 134997,
  "false_negatives": 237203,
  "total_samples": 2448017,
  "attack_samples": 2221166,
  "normal_samples": 226851
}